"Status","Start Time","Stop Time","Duration in ms","Parent Suite","Suite","Sub Suite","Test Class","Test Method","Name","Description"
"passed","Sun Sep 13 12:59:10 UTC 2026","Sun Sep 13 12:59:12 UTC 2026","1629","tests","test_ads","TestAds","","","test_page_title_is_ads",""
"passed","Sun Sep 13 12:59:47 UTC 2026","Sun Sep 13 12:59:49 UTC 2026","2056","tests","test_calendars","TestCalendars","","","test_calendar_input_visible",""
"passed","Sun Sep 13 12:58:34 UTC 2026","Sun Sep 13 12:58:40 UTC 2026","5864","tests","test_ads","TestAds","","","test_ad_popup_visible_on_load",""
"passed","Sun Sep 13 13:01:04 UTC 2026","Sun Sep 13 13:01:06 UTC 2026","2469","tests","test_form","TestForm","","","Fill Message with comma-separated Automation Tools","
Спец. задание:
1. Получить средствами Selenium список элементов из раздела Automation Tools
2. Преобразовать в текст
3. Заполнить поле Message полученным списком через запятую
"
"passed","Sun Sep 13 12:58:58 UTC 2026","Sun Sep 13 12:59:04 UTC 2026","6481","tests","test_ads","TestAds","","","test_page_content_visible_after_close",""
"passed","Sun Sep 13 13:00:40 UTC 2026","Sun Sep 13 13:00:42 UTC 2026","1982","tests","test_form","TestForm","","","test_message_field_visible",""
"passed","Sun Sep 13 13:01:25 UTC 2026","Sun Sep 13 13:01:28 UTC 2026","3068","tests","test_modals","TestModals","","","test_simple_modal_opens",""
"passed","Sun Sep 13 13:01:58 UTC 2026","Sun Sep 13 13:02:03 UTC 2026","4760","tests","test_modals","TestModals","","","test_form_modal_close_button_works",""
"passed","Sun Sep 13 13:00:07 UTC 2026","Sun Sep 13 13:00:09 UTC 2026","2176","tests","test_calendars","TestCalendars","","","test_clear_input",""
"passed","Sun Sep 13 13:00:28 UTC 2026","Sun Sep 13 13:00:30 UTC 2026","2099","tests","test_calendars","TestCalendars","","","test_far_future_date_no_crash",""
"passed","Sun Sep 13 13:01:52 UTC 2026","Sun Sep 13 13:01:56 UTC 2026","3949","tests","test_modals","TestModals","","","test_form_modal_has_email_field",""
"passed","Sun Sep 13 13:02:04 UTC 2026","Sun Sep 13 13:02:06 UTC 2026","2393","tests","test_modals","TestModals","","","test_modal_content_not_visible_before_open",""
"passed","Sun Sep 13 13:02:10 UTC 2026","Sun Sep 13 13:02:14 UTC 2026","4174","tests","test_modals","TestModals","","","test_form_modal_submit_with_empty_fields",""
"passed","Sun Sep 13 12:59:57 UTC 2026","Sun Sep 13 12:59:59 UTC 2026","1844","tests","test_calendars","TestCalendars","","","test_type_valid_date",""
"passed","Sun Sep 13 13:00:31 UTC 2026","Sun Sep 13 13:00:32 UTC 2026","1254","tests","test_form","TestForm","","","test_name_field_visible",""
"passed","Sun Sep 13 12:59:30 UTC 2026","Sun Sep 13 12:59:37 UTC 2026","7081","tests","test_ads","TestAds","","","test_ad_hidden_after_close",""
"passed","Sun Sep 13 13:00:49 UTC 2026","Sun Sep 13 13:00:51 UTC 2026","1898","tests","test_form","TestForm","","","test_select_drink_checkbox",""
"passed","Sun Sep 13 13:00:16 UTC 2026","Sun Sep 13 13:00:19 UTC 2026","2965","tests","test_calendars","TestCalendars","","","test_retype_replaces_value",""
"passed","Sun Sep 13 13:00:52 UTC 2026","Sun Sep 13 13:00:54 UTC 2026","1754","tests","test_form","TestForm","","","test_select_color_radio",""
"passed","Sun Sep 13 13:02:07 UTC 2026","Sun Sep 13 13:02:09 UTC 2026","2598","tests","test_modals","TestModals","","","test_only_one_modal_can_be_opened",""
"passed","Sun Sep 13 13:00:43 UTC 2026","Sun Sep 13 13:00:45 UTC 2026","2069","tests","test_form","TestForm","","","test_submit_button_visible",""
"passed","Sun Sep 13 13:01:35 UTC 2026","Sun Sep 13 13:01:40 UTC 2026","5880","tests","test_modals","TestModals","","","test_simple_modal_closes_via_close_button",""
"passed","Sun Sep 13 12:59:50 UTC 2026","Sun Sep 13 12:59:52 UTC 2026","1654","tests","test_calendars","TestCalendars","","","test_calendar_input_clickable",""
"passed","Sun Sep 13 13:00:13 UTC 2026","Sun Sep 13 13:00:15 UTC 2026","1970","tests","test_calendars","TestCalendars","","","test_field_accepts_keystrokes",""
"passed","Sun Sep 13 13:01:13 UTC 2026","Sun Sep 13 13:01:15 UTC 2026","2716","tests","test_form","TestForm","","","test_empty_message_field",""
"passed","Sun Sep 13 13:00:01 UTC 2026","Sun Sep 13 13:00:04 UTC 2026","3597","tests","test_calendars","TestCalendars","","","test_valid_date_no_error",""
"passed","Sun Sep 13 12:59:52 UTC 2026","Sun Sep 13 12:59:54 UTC 2026","1508","tests","test_calendars","TestCalendars","","","test_format_hint_visible",""
"passed","Sun Sep 13 12:59:14 UTC 2026","Sun Sep 13 12:59:20 UTC 2026","6574","tests","test_ads","TestAds","","","test_close_ad_then_reload",""
"passed","Sun Sep 13 12:58:49 UTC 2026","Sun Sep 13 12:58:56 UTC 2026","7168","tests","test_ads","TestAds","","","test_close_ad_removes_popup",""
"passed","Sun Sep 13 12:59:38 UTC 2026","Sun Sep 13 12:59:45 UTC 2026","6782","tests","test_ads","TestAds","","","test_ad_close_button_clickable_multiple_times","Клик по крестику отрабатывает без ошибок (реклама может переоткрыться — это фича)."
"passed","Sun Sep 13 13:01:22 UTC 2026","Sun Sep 13 13:01:24 UTC 2026","2445","tests","test_modals","TestModals","","","test_simple_modal_button_visible",""
"passed","Sun Sep 13 13:01:29 UTC 2026","Sun Sep 13 13:01:32 UTC 2026","3049","tests","test_modals","TestModals","","","test_simple_modal_contains_text",""
"passed","Sun Sep 13 13:00:59 UTC 2026","Sun Sep 13 13:01:03 UTC 2026","3898","tests","test_form","TestForm","","","test_fill_full_form",""
"passed","Sun Sep 13 13:01:47 UTC 2026","Sun Sep 13 13:01:51 UTC 2026","3530","tests","test_modals","TestModals","","","test_form_modal_has_name_field",""
"passed","Sun Sep 13 12:58:42 UTC 2026","Sun Sep 13 12:58:48 UTC 2026","5839","tests","test_ads","TestAds","","","test_ad_has_close_button",""
"passed","Sun Sep 13 13:00:25 UTC 2026","Sun Sep 13 13:00:27 UTC 2026","1922","tests","test_calendars","TestCalendars","","","test_empty_input_no_crash",""
"passed","Sun Sep 13 13:01:17 UTC 2026","Sun Sep 13 13:01:20 UTC 2026","3434","tests","test_form","TestForm","","","test_invalid_email_format",""
"passed","Sun Sep 13 12:59:21 UTC 2026","Sun Sep 13 12:59:29 UTC 2026","7686","tests","test_ads","TestAds","","","test_closing_ad_twice_no_error",""
"passed","Sun Sep 13 13:00:33 UTC 2026","Sun Sep 13 13:00:34 UTC 2026","1152","tests","test_form","TestForm","","","test_password_field_visible",""
"passed","Sun Sep 13 13:00:21 UTC 2026","Sun Sep 13 13:00:23 UTC 2026","2771","tests","test_calendars","TestCalendars","","","test_invalid_date_text_no_crash",""
"passed","Sun Sep 13 13:00:10 UTC 2026","Sun Sep 13 13:00:12 UTC 2026","2141","tests","test_calendars","TestCalendars","","","test_accepts_various_dates",""
"passed","Sun Sep 13 12:59:06 UTC 2026","Sun Sep 13 12:59:09 UTC 2026","2805","tests","test_ads","TestAds","","","test_main_content_visible",""
"passed","Sun Sep 13 13:00:55 UTC 2026","Sun Sep 13 13:00:58 UTC 2026","2883","tests","test_form","TestForm","","","test_automation_tools_list_has_items",""
"passed","Sun Sep 13 13:00:36 UTC 2026","Sun Sep 13 13:00:38 UTC 2026","2356","tests","test_form","TestForm","","","test_email_field_visible",""
"passed","Sun Sep 13 13:01:08 UTC 2026","Sun Sep 13 13:01:11 UTC 2026","3150","tests","test_form","TestForm","","","test_submit_with_empty_name",""
"passed","Sun Sep 13 13:02:16 UTC 2026","Sun Sep 13 13:02:21 UTC 2026","4911","tests","test_modals","TestModals","","","test_invalid_email_does_not_submit",""
"passed","Sun Sep 13 12:59:55 UTC 2026","Sun Sep 13 12:59:56 UTC 2026","1509","tests","test_calendars","TestCalendars","","","test_format_hint_is_yyyy_mm_dd",""
"passed","Sun Sep 13 13:01:43 UTC 2026","Sun Sep 13 13:01:47 UTC 2026","3074","tests","test_modals","TestModals","","","test_form_modal_opens",""
"passed","Sun Sep 13 12:58:27 UTC 2026","Sun Sep 13 12:58:32 UTC 2026","4462","tests","test_ads","TestAds","","","test_page_opens",""
"passed","Sun Sep 13 13:00:47 UTC 2026","Sun Sep 13 13:00:48 UTC 2026","1535","tests","test_form","TestForm","","","test_fill_name",""
